videoId,title,channelId,channelTitle,Date,videoViewCount,likeCount,dislikeCount,commentCount,channelViewCount,subscriberCount,videoCount,positive_comments,negative_comments,neutral_comments,stock_price_before,stock_date_before,stock_price_after,stock_date_after
TqVD0JNkID0,"La PS5 est arriv√©e √† la maison üî• Unboxing et comparatifs Xbox Series X I S, PS4 Pro, Nintendo Switch",UCRXcryyD7dzNQzd0Zkbj3ug,Julien Chi√®ze,2020-10-27,744555,35840,1997,4644,166498578,549000,1655,154,31,914,209.53143310546875,2020-10-26,201.8016662597656,2020-11-02
DebfPZgMsCI,"Des milliers de joueurs PS5 bannis, Xbox + Sega teasing, Silent Hill et Metal Gear bient√¥t sur PS5 ?",UCRXcryyD7dzNQzd0Zkbj3ug,Julien Chi√®ze,2020-11-30,148182,8581,270,566,166498578,549000,1655,83,23,282,215.22999572753903,2020-11-27,214.3600006103516,2020-12-04
-8wO05SbQ6E,"Jeux PS2 sur Xbox Series, Uncharted aux Game Awards ? Xbox tease une annonce, Kratos dans Fortnite",UCRXcryyD7dzNQzd0Zkbj3ug,Julien Chi√®ze,2020-12-03,97057,5685,221,580,166498578,549000,1655,38,44,172,215.3699951171875,2020-12-02,214.2899932861328,2020-12-07
2ObLAzxxzF8,"1er bilan Xbox Series XS France üá´üá∑ Game Pass &amp; co avec Ina Gelbert, directrice Xbox France",UCRXcryyD7dzNQzd0Zkbj3ug,Julien Chi√®ze,2020-11-24,96658,7422,190,758,166498578,549000,1655,223,35,313,210.1100006103516,2020-11-23,214.07000732421875,2020-11-30
jHb0v5VmwvE,"GROSSE rumeur Xbox, Dragon Age 4, Oscar Isaac sera Solid Snake,  des milliards pour Call of Duty",UCRXcryyD7dzNQzd0Zkbj3ug,Julien Chi√®ze,2020-12-07,71409,5028,183,548,166498578,549000,1655,49,37,179,214.3600006103516,2020-12-04,,
iyxZiqMxuSY,Gros COUP DE COEUR pour ce jeu Xbox Series et PC üåü Call of the Sea,UCRXcryyD7dzNQzd0Zkbj3ug,Julien Chi√®ze,2020-12-07,67782,2606,179,125,166498578,549000,1655,18,3,54,214.3600006103516,2020-12-04,,
oC3xJtLRlNc,Xbox Series X Indian Unit Unboxing &amp; First Look - Exclusive #PowerYourDreamsüî•üî•üî•,UCOhHO2ICt0ti9KAh-QHvttQ,Technical Guruji,2020-11-05,741233,79475,2060,7773,2381324396,20200000,3447,300,62,734,215.824951171875,2020-11-04,215.9845428466797,2020-11-11
852YROy83gU,PS5ÊïóÂåó‚Ä¶Ë™∞„ÇÇË≤∑„Çè„Å™„ÅÑXbox Series X„ÇíË≤∑„Å£„ÅüÁµêÊûú„ÄÅÊúÄÈ´òË™¨„ÅÇ„Çã,UC9WJo5ZJVXMZiA5XV2jLx5Q,ÂêâÁî∞Ë£Ω‰ΩúÊâÄ,2020-11-12,747536,12258,2008,1717,238613331,708000,358,7,7,1085,215.9845428466797,2020-11-11,211.0800018310547,2020-11-18
PslqS_MqsQo,–í–ø–µ—á–∞—Ç–ª–µ–Ω–∏—è –æ—Ç Xbox Series X –∏ —Ä–∞—Å–ø–∞–∫–æ–≤–∫–∞ Xbox Series S!,UCt7sv-NKh44rHAEb-qCCxvA,Wylsacom,2020-11-05,735465,65202,2506,59477,2194043076,9790000,2508,25,4,1040,215.824951171875,2020-11-04,215.9845428466797,2020-11-11
z_ZQIP2uR4k,"–ù–æ–≤—ã–π Xbox Series X - —Ç–µ—Å—Ç —à–∞—Ä–∏–∫–æ–º –∏ —Å–º–æ—Ç—Ä–∏–º AC: –í–∞–ª—å–≥–∞–ª–ª–∞, –ø–µ—Ä–≤—ã–π Next-Gen...",UCt7sv-NKh44rHAEb-qCCxvA,Wylsacom,2020-11-17,457863,34189,2086,21604,2194043076,9790000,2508,18,88,994,216.6627655029297,2020-11-16,210.1100006103516,2020-11-23
DotMLYNkS_c,Console Wars: The Xbox Strikes Back,UC7WDD6yHgzdqijHluCi1z-Q,The Act Man,2020-10-16,728624,46678,1752,10426,165954315,983000,195,450,172,420,219.08642578125,2020-10-15,214.3288726806641,2020-10-22
yhj4qlItES0,Cyberpunk 2077 Gameplay On Xbox Series X / Xbox One X,UCKy1dAqELo0zrOtPkf0eTMw,IGN,2020-11-17,747483,15938,1551,4896,11375349751,14500000,140399,326,377,397,216.6627655029297,2020-11-16,210.1100006103516,2020-11-23
4VP-ss-kNMA,Xbox Fires Back On Halo Infinite&#39;s Visuals - IGN Daily Fix,UCKy1dAqELo0zrOtPkf0eTMw,IGN,2020-07-25,304200,5727,896,3019,11375349751,14500000,140399,456,300,343,200.2902069091797,2020-07-24,203.9815826416016,2020-07-31
3TSzCG4CpSQ,Xbox Series X: 4 Things We Love and 3 Things We Don&#39;t,UCKy1dAqELo0zrOtPkf0eTMw,IGN,2020-11-14,278534,6351,770,1022,11375349751,14500000,140399,248,96,160,215.94464111328125,2020-11-13,210.38999938964844,2020-11-20
CQVQ7GjebbE,PlayStation 5 vs. Xbox Series X - 8 Games Loading Times Compared,UCKy1dAqELo0zrOtPkf0eTMw,IGN,2020-11-17,273041,6504,464,2598,11375349751,14500000,140399,552,189,287,216.6627655029297,2020-11-16,210.1100006103516,2020-11-23
g9XgzbYGoVw,Xbox Series X/S Can Play More PS2 Games Than PS5 - IGN Daily Fix,UCKy1dAqELo0zrOtPkf0eTMw,IGN,2020-12-02,140729,3168,248,1130,11375349751,14500000,140399,143,60,132,216.2100067138672,2020-12-01,214.2899932861328,2020-12-07
YkGNlVfQvNs,Skyrim Mods on Xbox Series X Make it The Ultimate Console Version,UCKy1dAqELo0zrOtPkf0eTMw,IGN,2020-11-30,140319,2514,227,563,11375349751,14500000,140399,84,49,86,215.22999572753903,2020-11-27,214.3600006103516,2020-12-04
GRbl8zknncM,Xbox Series X - Official Lucid Odyssey Trailer by Taika Waititi,UCKy1dAqELo0zrOtPkf0eTMw,IGN,2020-12-07,74425,3119,789,638,11375349751,14500000,140399,121,87,228,214.3600006103516,2020-12-04,,
mP1De2Jq-_4,FINALMENTE! JOGUEI FORTNITE NO NOVO XBOX SERIES X!,UC0bC92gFO25qcJcECTQNN_A,Flakes Power,2020-11-12,697180,78100,1094,5728,1079355688,5860000,1211,31,17,1052,215.9845428466797,2020-11-11,211.0800018310547,2020-11-18
UGAjhjp8dnI,The $299 XBOX Series S is an Emulation Beast | MVG,UCjFaPUcJU1vwk193mnW_w1w,Modern Vintage Gamer,2020-11-23,665689,33524,402,5457,82860714,536000,306,540,129,430,210.38999938964844,2020-11-20,215.22999572753903,2020-11-27
psTunlgKOMM,PlayStation 2 Games are running on the XBOX Series S | MVG,UCjFaPUcJU1vwk193mnW_w1w,Modern Vintage Gamer,2020-11-30,689070,23941,399,5495,82860714,536000,306,484,123,490,215.22999572753903,2020-11-27,214.3600006103516,2020-12-04
CKj6vXPq72U,XBOX Series S Teardown | MVG,UCjFaPUcJU1vwk193mnW_w1w,Modern Vintage Gamer,2020-11-09,275777,14089,417,2063,82860714,536000,306,542,183,374,223.1358184814453,2020-11-06,215.94464111328125,2020-11-13
y6wCMIREZgc,Call of Duty Warzone running at 120FPS on Xbox Series X!,UCw7FkXsC00lH2v2yB5LQoYA,jackfrags,2020-11-14,664266,13536,336,2578,1242906596,3530000,2731,422,138,470,215.94464111328125,2020-11-13,210.38999938964844,2020-11-20
KUDibq_GDe0,Forza Horizon 4 - Xbox Series X vs Xbox One X - AMAZING DIFFERENCE!!!!,UC4BEiuqPdmsRHjS8LbhUmWg,Don Joewon Song,2020-11-05,655506,15530,669,1479,84449614,539000,493,373,168,345,215.824951171875,2020-11-04,215.9845428466797,2020-11-11
Xh49Nto6qLo,Forza Horizon 4 - Xbox Series X vs Xbox One X - 4K 60FPS - Ultimate Comparison!!!,UC4BEiuqPdmsRHjS8LbhUmWg,Don Joewon Song,2020-11-07,468894,10765,370,1475,84449614,539000,493,319,92,228,223.1358184814453,2020-11-06,215.94464111328125,2020-11-13
OLK-QDmSPx0,PLAYSTATION 5 o XBOX X ‚Üí ESTO SE DEFINE EN EL FIFA!!!!!!!,UCFOSg71CRAJ58IPuV_-jMbw,Tecnonauta,2020-12-04,619780,34650,891,2339,723138200,6250000,1218,62,31,1007,214.2400054931641,2020-12-03,214.2899932861328,2020-12-07
sMCcsSzSMws,XBOX series X REVIEW + GAMEPLAY -sobredosis de TERAFLOPS-,UCYkoAtIMi6oFG_8SO5YrauQ,clipset,2020-11-05,619243,32493,1005,4951,403003627,2350000,1982,65,40,994,215.824951171875,2020-11-04,215.9845428466797,2020-11-11
JwUdH6qKKwc,Xbox series S PORTATIL -KIT para JUGAR en cualquier lado-,UCYkoAtIMi6oFG_8SO5YrauQ,clipset,2020-12-03,77396,3766,155,418,403003627,2350000,1982,17,7,171,215.3699951171875,2020-12-02,214.2899932861328,2020-12-07
-Jb3-V3nAWE,Should Your Boyfriend Get a PS5 or Xbox Series X?,UC2eEGT06FrWFU6VBnPOR9lg,Girlfriend Reviews,2020-11-25,645334,47209,945,2827,96126597,1130000,79,550,139,411,213.8600006103516,2020-11-24,216.2100067138672,2020-12-01
smcND3jBtvo,"Top 12 Awesome Upcoming Games of 2019 (PS4, Xbox One, PC &amp; Nintendo Switch)",UCbDuARPGsQJBG8dELL-37zw,GAMEOST,2018-11-20,589335,3997,712,253,261765840,514000,222,36,19,27,102.01492309570312,2018-11-19,103.81885528564452,2018-11-26
PIGbvnPV8T4,"TOP 10 NEW Upcoming Games of 2019 (PS4, XBOX ONE, PC)",UCbDuARPGsQJBG8dELL-37zw,GAMEOST,2019-04-17,318307,2108,149,127,261765840,514000,222,25,11,19,118.26570129394531,2019-04-16,122.8388671875,2019-04-23
fYtJWIxt3-M,Inside the Xbox Series S,UCjBp_7RuDBUYbd1LegWEJ8g,Xbox,2020-09-09,581365,32186,903,2455,963968005,4310000,8658,364,98,562,202.1308135986328,2020-09-08,208.23483276367188,2020-09-15
nDhVZlOJJvo,Xbox One X Cyberpunk 2077 Limited Edition Bundle,UCjBp_7RuDBUYbd1LegWEJ8g,Xbox,2020-04-20,362212,11776,1344,909,963968005,4310000,8658,191,90,368,177.2105255126953,2020-04-17,173.19203186035156,2020-04-24
AWNW9npvYTM,Unboxing the Xbox Series S,UCjBp_7RuDBUYbd1LegWEJ8g,Xbox,2020-11-10,353406,17338,468,1021,963968005,4310000,8658,209,65,320,217.8197326660156,2020-11-09,216.6627655029297,2020-11-16
tId1p7k2r4o,Disney+ Comes to Xbox Game Pass Ultimate Perks This Holiday,UCjBp_7RuDBUYbd1LegWEJ8g,Xbox,2020-11-09,318579,16010,282,1207,963968005,4310000,8658,205,108,344,223.1358184814453,2020-11-06,215.94464111328125,2020-11-13
4VMYpJFGQYM,"Inside Xbox April 2020 Live Show ‚Äì ft. Grounded, Gears Tactics, more!",UCjBp_7RuDBUYbd1LegWEJ8g,Xbox,2020-04-07,272500,9525,1008,333,963968005,4310000,8658,63,19,84,163.98423767089844,2020-04-06,164.22235107421875,2020-04-13
7__uoFZBlf0,Xbox - November 2020 Games with Gold,UCjBp_7RuDBUYbd1LegWEJ8g,Xbox,2020-10-29,255375,7259,4738,1651,963968005,4310000,8658,350,171,348,202.1507568359375,2020-10-28,215.824951171875,2020-11-04
RTlo6NbOhXw,Ten Ways to Get Ready for Xbox Series X|S,UCjBp_7RuDBUYbd1LegWEJ8g,Xbox,2020-11-06,238444,14087,470,1322,963968005,4310000,8658,257,65,450,222.7069396972656,2020-11-05,214.87744140625,2020-11-12
mX6ytsNtlqA,WHATS POPPIN? EA Play just hopped in Xbox Game Pass Ultimate,UCjBp_7RuDBUYbd1LegWEJ8g,Xbox,2020-11-10,237029,16367,222,1391,963968005,4310000,8658,259,103,475,217.8197326660156,2020-11-09,216.6627655029297,2020-11-16
h-6BgRPsPXQ,"New Games, Next-Gen Upgrades, and Great Xbox Game Pass Additions | This Week on Xbox",UCjBp_7RuDBUYbd1LegWEJ8g,Xbox,2020-12-04,59672,2233,83,181,963968005,4310000,8658,32,19,49,214.2400054931641,2020-12-03,214.2899932861328,2020-12-07
tYPLdPgbHbQ,Catch up on Xbox News | This Week on Xbox,UCjBp_7RuDBUYbd1LegWEJ8g,Xbox,2020-07-17,51310,2302,94,216,963968005,4310000,8658,28,10,66,202.8970489501953,2020-07-16,201.5239715576172,2020-07-23
fyArCzlmiKM,Xbox Series X ‚Äì Lucid Odyssey by Taika Waititi,UCjBp_7RuDBUYbd1LegWEJ8g,Xbox,2020-12-07,87317,6749,509,452,963968005,4310000,8658,105,31,213,214.3600006103516,2020-12-04,,
ngM3DCVHXBA,8300 Lƒ∞RALIK YENƒ∞ NESƒ∞L KONSOL ELƒ∞MDE: XBOX SERIES X,UCXin0u5SrVEBjn5LhOoG97A,Enis Kirazoglu,2020-11-01,554985,42148,653,3936,197944708,858000,834,85,29,985,201.9413146972656,2020-10-30,223.1358184814453,2020-11-06
Eh8XmDvASUg,PLAYSTATION 5 vs XBOX SERIES: HANGƒ∞Sƒ∞ DAHA ƒ∞Yƒ∞? ALMAYA GEREK VAR MI?,UCXin0u5SrVEBjn5LhOoG97A,Enis Kirazoglu,2020-11-30,406314,31915,422,4270,197944708,858000,834,89,47,964,215.22999572753903,2020-11-27,214.3600006103516,2020-12-04
RnZAN91pUiw,"COD Black Ops Cold War: PS5 vs Xbox Series X - Ray Tracing, 120Hz Mode Tests + Series S Analysis!",UC9PBzalIcEQCsiIkq36PyUA,Digital Foundry,2020-11-23,536381,17773,629,7717,433403704,1090000,3175,535,250,313,210.38999938964844,2020-11-20,215.22999572753903,2020-11-27
r1HbGf2R7yk,Assassin&#39;s Creed Valhalla Patch 1.0.4 - PS5 vs Xbox Series X/ Series S - Has Frame-Rate Improved?,UC9PBzalIcEQCsiIkq36PyUA,Digital Foundry,2020-11-29,371937,14082,633,7585,433403704,1090000,3175,510,287,302,215.22999572753903,2020-11-27,214.3600006103516,2020-12-04
jWTaSnrOCd4,Borderlands 3 PS5 vs Xbox Series X: 4K60 and 120fps Modes Tested - Plus Series S Comparisons!,UC9PBzalIcEQCsiIkq36PyUA,Digital Foundry,2020-12-01,306084,10633,423,5140,433403704,1090000,3175,561,212,327,214.07000732421875,2020-11-30,214.2899932861328,2020-12-07
EziUiWkW_HM,Call of Duty Warzone: PS5 vs Xbox Series X/ Series S - Back-Compat Showdown + 120fps Analysis,UC9PBzalIcEQCsiIkq36PyUA,Digital Foundry,2020-12-07,73507,4671,194,1789,433403704,1090000,3175,238,97,155,214.3600006103516,2020-12-04,,
cFcWL4W34QY,–ü–æ–ª–Ω–∞—è —Ö—Ä–æ–Ω–∏–∫–∞ 8-–π –≤–æ–π–Ω—ã –∫–æ–Ω—Å–æ–ª–µ–π [PS4 –ø—Ä–æ—Ç–∏–≤ Xbox One],UCq7JZ8ATgQWeu6sDM1czjhg,StopGame.Ru,2020-11-21,572113,33555,1156,2098,826059775,1960000,4649,20,15,1065,210.38999938964844,2020-11-20,215.22999572753903,2020-11-27
sdBZ3nqn6vw,–û–±–∑–æ—Ä Xbox Series X. –ó–∞—á–µ–º –æ—Ç–º–µ–Ω–∏–ª–∞ ¬´–Ω–µ–∫—Å—Ç–≥–µ–Ω¬ª?,UCq7JZ8ATgQWeu6sDM1czjhg,StopGame.Ru,2020-11-06,395536,38547,2996,3616,826059775,1960000,4649,40,16,1043,222.7069396972656,2020-11-05,214.87744140625,2020-11-12
FsRPZEIlUMg,My NEW Xbox Series X was Broken ALREADY?,UCuJyaxv7V-HK4_qQzNK_BXQ,BeatEmUps,2020-11-12,529427,28605,3404,2384,162545898,1130000,713,518,177,405,215.9845428466797,2020-11-11,211.0800018310547,2020-11-18
SlFIpftMxMU,Asi Luce el Gta San andreas en Xbox Series X !,UCiCEpAj4fGMPtpnPtapsgGw,Trolencio911,2020-11-15,476305,55612,1586,3210,319572352,2160000,508,61,30,1009,215.94464111328125,2020-11-13,210.38999938964844,2020-11-20
TpsIlhV1L1g,COMPR√â LA XBOX SERIES X ü§î UNBOXING Y PRIMERAS IMPRESIONES,UCHvF0weGdYOYqFO1oy5cWZw,YANPOL,2020-11-16,474054,45308,3155,5294,106276306,857000,194,64,41,995,215.94464111328125,2020-11-13,210.38999938964844,2020-11-20
3ZqgINu1vxE,M√°y Xbox v·ª©t x√≥ 5 nƒÉm l√¥i ra v·∫´n ch·∫°y t·ªët !!! N·ªÉ Microsoft qu√° !!!,UCc_gMV4N9vJtpy7GcMUHaVw,Tr·ª±c Ti·∫øp Game,2019-03-03,455368,12170,149,611,733096283,1490000,3095,111,14,269,110.1965789794922,2019-03-01,108.2184600830078,2019-03-08
AOE0tlyZhgE,UNBOXING XBOX SERIES X!! - LA MIA NUOVA CONSOLE NEXT-GEN,UCfZFwPGOpbWk0z0Fk7tU6yA,MikeShowSha,2020-10-28,441223,40309,570,2316,1081940915,2750000,3069,39,11,1047,212.6931610107422,2020-10-27,205.89096069335938,2020-11-03
kGXrNDIDuIY,NBA 2K21 - PS5 vs Xbox Series X (Load Times/Graphics/Gameplay) Comparison,UCLWL0ZsOCO-lveNvK_SVCXA,GamingWithOva,2020-11-13,447325,3629,493,2772,60919348,83900,604,619,128,284,214.87744140625,2020-11-12,212.4199981689453,2020-11-19
tik4yT3SIGw,Xbox Series X - Mi van a dobozban? (Unboxing),UCDeRsDqcB8zdkzErxrdHCOw,TheVR Tech,2020-10-28,424773,19125,425,868,48183715,365000,311,99,10,360,212.6931610107422,2020-10-27,205.89096069335938,2020-11-03
R_3shKx11Y8,120 fps egy KONZOLON? - Xbox Series S &amp; Series X teszt,UCDeRsDqcB8zdkzErxrdHCOw,TheVR Tech,2020-11-05,295905,14648,148,1005,48183715,365000,311,99,8,462,215.824951171875,2020-11-04,215.9845428466797,2020-11-11
LrOSAl7IXjY,PS5 vs Xbox Series X: Hogy futnak a j√°t√©kok?,UCDeRsDqcB8zdkzErxrdHCOw,TheVR Tech,2020-11-20,258538,15820,177,868,48183715,365000,311,97,24,326,212.4199981689453,2020-11-19,213.8699951171875,2020-11-25
jGZzpr4BtAM,PlayStation 5 vs Xbox Series X: Which is better?,UC0oI44ZUVCqq4meNOOaKPTQ,SpawnPoiint,2020-11-24,514394,12500,790,4125,6568516,43300,59,531,105,464,210.1100006103516,2020-11-23,214.07000732421875,2020-11-30
WXPdlWLQ5PY,Xbox Series X Gameplay + Quick Resume | 86‚Äù 4K 120hz,UC0oI44ZUVCqq4meNOOaKPTQ,SpawnPoiint,2020-11-19,120885,2869,52,517,6568516,43300,59,125,27,123,211.0800018310547,2020-11-18,213.8699951171875,2020-11-25
ts8nOCgDJUs,Que pasar√≠a si mont√°ramos una 3080 en una XBOX ONE?  Imposible üò≤,UC9eM3jqq5IfxbGHbuRR_jRw,Sfdx Show,2020-11-25,447661,38649,1123,2076,127616506,985000,609,49,39,1012,213.8600006103516,2020-11-24,216.2100067138672,2020-12-01
tcohQJH_WJU,"–ö–¢–û –ï–©–Å –•–û–ß–ï–¢ PS5, –ê –ù–ï XBOX?",UCXMTSawP2E1YcQGmMIw9WoQ,–°—Ç–∏–Ω—Ç,2020-09-28,411811,29607,2325,2711,410219161,1980000,797,19,11,981,207.27734375,2020-09-25,205.65159606933597,2020-10-02
OfILILPjjEs,How XBOX players felt when the system launched with NO EXCLUSIVES!,UCr8t0PrQ1gZkLs53lE-HTpw,The Keef Crew,2020-11-24,437406,45619,746,7254,70320182,508000,406,451,188,460,210.1100006103516,2020-11-23,214.07000732421875,2020-11-30
pxyenY-PRGw,PLAYSTATION 5 y XBOX SERIES X EN  TIENDAS DE JAPON ! | AUSENCIA Y REVENDEDORES? PRECIOS,UCdB41UXrNAU_J7A7OnU4KSQ,Japan Gemu,2020-11-19,407756,20600,369,1248,55408508,590000,153,37,43,851,211.0800018310547,2020-11-18,213.8699951171875,2020-11-25
YRpFktvTO0w,PS5 vs Xbox Series X: Assassin&#39;s Creed Valhalla,UCbu2SsF-Or3Rsn3NxqODImw,GameSpot,2020-11-13,394483,3761,733,2696,2693782195,4470000,34967,554,155,295,214.87744140625,2020-11-12,212.4199981689453,2020-11-19
0duvlbro4Gk,"Phil Spencer Talks Xbox, Halo, Elden Ring, and More",UCbu2SsF-Or3Rsn3NxqODImw,GameSpot,2020-11-11,105438,4249,98,1106,2693782195,4470000,34967,287,75,259,210.45899963378903,2020-11-10,213.90000915527344,2020-11-17
6iezZjfWZas,Xbox Series X Setup and Impressions After 1 Week!,UCbR6jJpva9VIIAHTse4C3hw,Tim Schofield,2020-11-09,397444,6057,302,1188,190749091,700000,1614,239,84,199,223.1358184814453,2020-11-06,215.94464111328125,2020-11-13
CySxB1oJ90c,–ö–£–ü–ò–õ –°–ï–ë–ï XBOX SERIES X,UCptRK95GEDXvJGOQIFg50fg,–ò–≥–æ—Ä—å –õ–∏–Ω–∫,2020-11-24,396662,40056,776,2246,172076747,1110000,396,16,25,1059,210.1100006103516,2020-11-23,214.07000732421875,2020-11-30
SUPc2UZX1tY,–û–¢–ó–´–í –ò –û–ë–ó–û–† XBOX ONE S - –ù–ï –í–°–ï –¢–ê–ö –ì–õ–ê–î–ö–û –ö–ê–ö –•–û–¢–ï–õ–û–°–¨ –ë–´!,UCY_5y5X34AxL_uWTPNndxog,DimaViper Live,2019-12-03,376287,10994,1818,1830,176303850,615000,1786,8,12,533,147.98233032226562,2019-12-02,149.7733612060547,2019-12-09
5zxyQ8Gp-OM,WSTƒòPNIE O NOWYM - XBOX SERIES X,UCw5LLRR_2lv97Mfwmiy-q2Q,Ziemniak,2020-11-10,369198,20146,395,2378,162020476,890000,674,81,20,999,217.8197326660156,2020-11-09,216.6627655029297,2020-11-16
HczdLEXA4M0,CASI NOS CANCELAN LA PREVENTA!! | Recogiendo XBOX SERIES X/S SEGUNDA PARTE,UCr6U90SjEcVfNbj0UAGRFtA,Expector,2020-11-10,359718,19991,866,1525,26965404,296000,305,38,26,1036,217.8197326660156,2020-11-09,216.6627655029297,2020-11-16
QrM39Sp80MA,Mi XBOX SERIES X ha muerto... | En verdad no se que hacer :c,UCr6U90SjEcVfNbj0UAGRFtA,Expector,2020-11-19,233975,12744,931,5071,26965404,296000,305,49,33,1018,211.0800018310547,2020-11-18,213.8699951171875,2020-11-25
bqZuoAq0sT0,EMPE√ëO MI XBOX SERIES X Y ME DAN MUY POCO...,UCr6U90SjEcVfNbj0UAGRFtA,Expector,2020-12-05,142650,8042,388,1011,26965404,296000,305,38,26,589,214.3600006103516,2020-12-04,214.2899932861328,2020-12-07
i_-e01faXno,Xbox Series X Launch |  Xbox Series X gameplay (Win a Console),UCozZmz40Oc6NYD4JtZJgO8A,Xbox On,2020-11-10,345773,9391,381,191,136522518,571000,3528,50,11,40,217.8197326660156,2020-11-09,216.6627655029297,2020-11-16
V4qOe3VK1Eg,Xbox Game Pass Update | November‚Äôs BIGGEST Additions,UCozZmz40Oc6NYD4JtZJgO8A,Xbox On,2020-11-29,141041,3637,136,617,136522518,571000,3528,96,47,55,215.22999572753903,2020-11-27,214.3600006103516,2020-12-04
AVcHXTXKd7w,19 Xbox Series X|S hidden features &amp; settings you DIDN‚ÄôT KNOW!,UCozZmz40Oc6NYD4JtZJgO8A,Xbox On,2020-11-20,160498,3775,276,386,136522518,571000,3528,89,40,78,212.4199981689453,2020-11-19,213.8699951171875,2020-11-25
ienCATDCYuM,"Xbox Game Pass Update | Control, Gang Beasts, DOOM Eternal (PC) + 15 MORE ADDED!",UCozZmz40Oc6NYD4JtZJgO8A,Xbox On,2020-12-03,99654,3213,62,548,136522518,571000,3528,112,62,85,215.3699951171875,2020-12-02,214.2899932861328,2020-12-07
pFa_Mpf3f4E,10 OPTIMISED Games For Xbox Series X|S You HAVE To Play!,UCozZmz40Oc6NYD4JtZJgO8A,Xbox On,2020-11-23,109707,2577,80,542,136522518,571000,3528,77,31,67,210.38999938964844,2020-11-20,215.22999572753903,2020-11-27
HLBNneJRqXs,Xbox Update | December 2020,UCozZmz40Oc6NYD4JtZJgO8A,Xbox On,2020-12-01,106017,3001,93,484,136522518,571000,3528,57,34,70,214.07000732421875,2020-11-30,214.2899932861328,2020-12-07
FlIC4Si5320,"PS5 VS Xbox Series X : le Gros Comparatif ! (rapidit√©, gameplay,..)",UCJy0lX8ThZ7lCtst7JnegWQ,Jojol,2020-11-21,353514,24354,1133,3012,388515744,2110000,1434,107,35,958,210.38999938964844,2020-11-20,215.22999572753903,2020-11-27
frzbboh194w,Oto nowa generacja! Pierwsze wra≈ºenia z Xbox Series X,UCtGnMWpCcoRZVWxkVKp3Ulg,TVGRYpl,2020-10-20,340831,15710,659,1833,815211938,1180000,2862,104,19,627,213.6606292724609,2020-10-19,209.53143310546875,2020-10-26
d_tgonMLGx0,Co potrafi konsola za 1300 Z≈Å? Recenzja Xbox Series S,UCtGnMWpCcoRZVWxkVKp3Ulg,TVGRYpl,2020-11-05,324867,13647,240,1531,815211938,1180000,2862,100,41,536,215.824951171875,2020-11-04,215.9845428466797,2020-11-11
7zMIzid5bQY,Red Dead Redemption 2 | PS5 vs Xbox Series X | Graphics &amp; FPS Comparison | BC,UCCV8Mj59PZkf3ON_U8q4n7g,ElAnalistaDeBits,2020-11-23,354025,6006,455,2416,265037064,397000,4042,299,119,369,210.38999938964844,2020-11-20,215.22999572753903,2020-11-27
NCKHS1pVWww,Assassin&#39;s Creed: Valhalla | PS5 vs Xbox Series X | Graphics Comparison &amp; FPS,UCCV8Mj59PZkf3ON_U8q4n7g,ElAnalistaDeBits,2020-11-19,246227,4432,243,1851,265037064,397000,4042,197,42,369,211.0800018310547,2020-11-18,213.8699951171875,2020-11-25
iR6dB59iKwM,FIFA 21 | PS5 vs Xbox Series S|X | Graphics Comparison &amp; FPS,UCCV8Mj59PZkf3ON_U8q4n7g,ElAnalistaDeBits,2020-12-04,83410,1659,74,679,265037064,397000,4042,79,14,136,214.2400054931641,2020-12-03,214.2899932861328,2020-12-07
w8lFvgATpH4,Xbox Series X MAJOR problems Follow up! My PS5 now has problems...,UCZFJqMf_h9F3yfjLtrl0frA,Mark's Tech,2020-11-15,143428,3572,474,1423,9481227,68400,311,332,162,224,215.94464111328125,2020-11-13,210.38999938964844,2020-11-20
iiJ7lOnf6uQ,PS5 o Xbox Series X ¬øCu√°l es mejor?,UCiBwOVBljEjcsLUjwI274Xw,The Top Comics,2020-11-16,324534,27368,1570,5352,837481028,3880000,728,59,64,977,215.94464111328125,2020-11-13,210.38999938964844,2020-11-20
S1IcJW7MbFk,XBOX SERIES X ƒ∞NCELEME ve OYUN TESTLERƒ∞!,UC_rgUbBJr5tOfbirrvfvIVw,Lemur,2020-11-05,334282,17925,489,1909,41787040,539000,78,43,32,1020,215.824951171875,2020-11-04,215.9845428466797,2020-11-11
SsjTj006hr8,Besser als PS5? Xbox Series S &amp; X,UCzH549YlZhdhIqhtvz7XHmQ,AlexiBexi,2020-11-05,319795,16486,682,1433,379391355,1460000,733,151,25,597,215.824951171875,2020-11-04,215.9845428466797,2020-11-11
oYHj_akNf9E,5 MUST HAVE Xbox Series X Accessories!,UC9fSZHEh6XsRpX-xJc6lT3A,UrAvgConsumer,2020-11-27,347879,10257,295,1098,402441988,3040000,900,319,115,313,213.8699951171875,2020-11-25,214.2400054931641,2020-12-03
QiCwI6ksQdU,"Testamos o xCloud, games do Xbox direto da nuvem para seu celular!",UCGH4Wx-WL10iB4ZAdewkuDw,Adrenaline,2020-11-21,309948,23573,182,2259,145085700,851000,3017,86,44,721,210.38999938964844,2020-11-20,215.22999572753903,2020-11-27
N03lTxBBQhE,Xbox Series S - vale a pena o mais barato da nova gera√ß√£o?,UCGH4Wx-WL10iB4ZAdewkuDw,Adrenaline,2020-11-07,242734,18451,228,2597,145085700,851000,3017,103,93,887,223.1358184814453,2020-11-06,215.94464111328125,2020-11-13
-YdBLYJjRmU,–°–ê–ú–´–ô –õ–£–ß–®–ò–ô –û–ë–ó–û–† XBOX SERIES X. Steam –∏–¥–µ—Ç –Ω–∞ –∫–æ–Ω—Å–æ–ª–∏,UCOxQWb-OuyCSZadzWqrKTCQ,–ë–£–õ–î–ñ–ê–¢—å,2020-12-06,300438,38643,1238,2403,133864548,788000,269,33,12,1055,214.3600006103516,2020-12-04,214.2899932861328,2020-12-07
wabTpR0A3l8,"Scalpers Secure 1,000 Xbox Series X Systems, Retailer Immediately Cancels Them",UCDTV8DckMvn7mlgtdxTyR-g,Spawn Wave Plus,2020-12-01,378205,12702,275,2361,12759317,103000,163,487,226,386,214.07000732421875,2020-11-30,214.2899932861328,2020-12-07
viXH_qcuqHQ,„ÄêTGS2020 Êó•Êú¨„Éû„Ç§„ÇØ„É≠„ÇΩ„Éï„Éà„ÄëXbox Tokyo Game Show Showcase 2020,UClFyIegrk4g6CFqGYCwTViA,TOKYO GAME SHOW/Êù±‰∫¨„Ç≤„Éº„É†„Ç∑„Éß„Ç¶,2020-09-24,293417,4009,911,396,4458464,41500,176,18,9,102,200.0662078857422,2020-09-23,209.78077697753903,2020-09-30
pQt5uBscDLg,◊ê◊ô◊®◊ï◊¢ ◊î◊î◊©◊ß◊î ◊©◊ú Xbox Series X | S - ◊ê◊ô◊†◊ì◊î ◊í◊ô◊ô◊ù VS ◊ñ◊ô◊í◊ô,UCW7goHTeqJ4nTh33HEDuYtA,Xbox Israel - ◊ê◊ß◊°◊ë◊ï◊ß◊° ◊ô◊©◊®◊ê◊ú,2020-11-10,292483,28607,641,376,1931066,48600,393,0,4,171,217.8197326660156,2020-11-09,216.6627655029297,2020-11-16
2HWI5gpMpWI,FIFA 21- GAMEPLAY NA NOVA GERA√á√ÉO! (PS5/Xbox Serie X),UCD9cMUkHNW380sh3_YedolA,MuuhPro,2020-12-03,297248,26982,392,1328,506907749,2880000,2062,74,15,695,215.3699951171875,2020-12-02,214.2899932861328,2020-12-07
UztANhWIob8,PS5 vs. Xbox Series X final comparison (for now),UCOmcA3f_RrH6b9NmcNa4tdg,CNET,2020-11-14,293191,5334,455,1911,1290185882,2890000,19962,304,108,238,215.94464111328125,2020-11-13,210.38999938964844,2020-11-20
_CuesRl4drU,"AJS News - Xbox Series X &amp; PS5 Launch Discussion - Issues, Records Broken, Delays, Problems &amp; More!",UCsgv2QHkT2ljEixyulzOnUQ,AngryJoeShow,2020-11-17,287444,13339,396,2038,1236957958,3270000,1985,492,282,276,216.6627655029297,2020-11-16,210.1100006103516,2020-11-23
1rvvre0ZFb8,XBOX ONE: V√¨ ƒë√¢u ƒë·∫øn n·ªói?,UCTF0ldaORTbCfx2ahvFfYWg,Ph√™ Game,2018-12-04,284752,6252,94,492,91295225,410000,453,20,46,70,109.29889678955078,2018-12-03,104.91094970703124,2018-12-10
yLWnyCDqAq4,PS5 Scalpers Post A Weird Response Online And Xbox Series X Emulation Gets Crazier | News Wave,UCoIXnB865l9Ex9zs4OIXTdQ,Spawn Wave,2020-11-27,278728,10035,282,2449,183681646,517000,2646,520,247,333,213.8699951171875,2020-11-25,214.2400054931641,2020-12-03
zlXvHMXRVGY,PS5 &amp; Xbox Series X Sales Surprise In Japan And GOTY Nominations Cause Controversy | News Wave,UCoIXnB865l9Ex9zs4OIXTdQ,Spawn Wave,2020-11-19,132635,6137,154,2252,183681646,517000,2646,649,238,213,211.0800018310547,2020-11-18,213.8699951171875,2020-11-25
OGNgWT3ZEHI,GameCube Games On The Xbox Series X...How Do They Play?,UCoIXnB865l9Ex9zs4OIXTdQ,Spawn Wave,2020-11-28,139587,5938,116,1356,183681646,517000,2646,257,74,195,215.22999572753903,2020-11-27,214.3600006103516,2020-12-04
sSUx54kmUD8,FIFA 21 | Next Gen Launch Trailer (PS5 &amp; Xbox Series X|S) [4K],UCoyaxd5LQSuP4ChkxK0pnZQ,EA SPORTS FIFA,2020-12-04,274895,16364,1234,1203,764708052,4070000,785,255,178,392,214.2400054931641,2020-12-03,214.2899932861328,2020-12-07
WsZV-usiBnI,–û–±–∑–æ—Ä Xbox Series X –∏ Series S ‚Äî —Å—Ä–∞–≤–Ω–µ–Ω–∏–µ —Å One X. –õ—É—á—à–µ PS5?,UCDF_NIAEkcAUvzxe1DUzaQA,Rozetked,2020-11-14,269257,8549,761,875,287316616,1240000,905,19,6,532,215.94464111328125,2020-11-13,210.38999938964844,2020-11-20
lpdAbIgSLYU,Recensione XBOX serie S,UC5yXB_ThsufRJYMRlzIGoeQ,andreagaleazzi.com,2020-11-05,267501,8893,216,937,433530466,1080000,2466,32,23,432,215.824951171875,2020-11-04,215.9845428466797,2020-11-11
DapiacYufcA,XBOX series X. La MIA recensione! E CONFRONTO Series S,UC5yXB_ThsufRJYMRlzIGoeQ,andreagaleazzi.com,2020-11-22,130625,5242,154,847,433530466,1080000,2466,31,26,259,210.38999938964844,2020-11-20,215.22999572753903,2020-11-27
HQ1VYPGE_zc,Confronto PS5 vs XBOX Series X e S,UC5yXB_ThsufRJYMRlzIGoeQ,andreagaleazzi.com,2020-11-27,127492,5658,177,981,433530466,1080000,2466,61,51,410,213.8699951171875,2020-11-25,214.2400054931641,2020-12-03
0vTjCU4_ipM,PLAYSTATION 5 e XBOX SERIES X/S,UCSRmIdDu1XFDr2iViBvcEDA,Controle Dois,2020-11-16,252605,31526,310,677,355097404,2320000,1117,15,11,228,215.94464111328125,2020-11-13,210.38999938964844,2020-11-20
0eQmhKm8duQ,FIFA 21 Next Gen Gameplay | PS5/Xbox Series X (4K60FPS),UChR1Yn7YpVrnP-SbsWtjuBA,S2G,2020-12-03,255612,6390,442,759,63846237,224000,1620,150,60,222,215.3699951171875,2020-12-02,214.2899932861328,2020-12-07
EXwTmE01yXY,Evento de lanzamiento - #XboxSeriesX,UCLSVSiseuX9UrEtEKbciiEg,Xbox M√©xico,2020-11-10,242357,12115,2885,1478,113789448,405000,2452,41,58,684,217.8197326660156,2020-11-09,216.6627655029297,2020-11-16
IzRotSBhMz0,Psycho Ex-Girlfriend Destroys Xbox Series X,UCMz7JFeTmiO2oJgtmYhpUmQ,McJuggerNuggets,2020-11-29,330725,15506,1182,3872,1917342734,4050000,1866,351,219,530,215.22999572753903,2020-11-27,214.3600006103516,2020-12-04
MKrA9omRSG8,COMING SOON - 50 WAYS TO BREAK A PS5 &amp; XBOX SERIES S,UCFUsBdbrNe2a8tnVsxBwoZw,Plainrock124,2020-12-03,269214,20040,1159,8013,346809364,1460000,273,345,190,565,215.3699951171875,2020-12-02,214.2899932861328,2020-12-07
nDQeUX4GU1c,"GTA 5 - Secret Phone Cheats! (PC, PS4, Xbox One, PS3 &amp; Xbox 360)",UC56nLb00cLwLY6afw6JaLlQ,Madd Trevor,2020-12-03,238525,12138,748,928,311062077,954000,156,180,139,323,215.3699951171875,2020-12-02,214.2899932861328,2020-12-07
I5XastHpi9w,Œü ŒëŒªŒ≠Œ∫ŒøœÇ Œ≠œÜŒµœÅŒµ œÑŒ± ŒΩŒ≠Œ± Xbox Series X Œ∫Œ±Œπ S!,UCjBCvQBVTh4XjPwtSMQNcFg,Unboxholics,2020-11-04,238548,20153,213,989,208900042,813000,1106,45,9,745,205.89096069335938,2020-11-03,210.45899963378903,2020-11-10
zCPigsCrqLg,Major Xbox Series X Upgrade Coming | Why PS5 Games outperform Xbox Series S | X for Next Generation,UCyGYHo1qVIeGq3ZLnSDaEcg,colteastwood,2020-11-18,231858,8442,2302,3365,26062962,125000,326,558,127,181,213.90000915527344,2020-11-17,213.8600006103516,2020-11-24
o3nGJ84CIm4,Finjo Encontrar Un XBOX SERIES X Para Ver Cuantos Mentirosos Lo Reclaman Y LOS  RE√öNO EN PERSONA,UCcrwHnSlK1pwESr6hknupIA,JDaniel,2020-11-14,235307,19255,1144,1784,83982391,855000,110,40,21,1039,215.94464111328125,2020-11-13,210.38999938964844,2020-11-20
AfG29OGCz54,–û–ë–ó–û–† Xbox Series X/S: –ó–ê–ß–ï–ú PlayStation 5?,UCY03gpyR__MuJtBpoSyIGnw,Droider.Ru,2020-11-05,231616,17458,811,1649,248543850,1110000,1889,24,12,951,215.824951171875,2020-11-04,215.9845428466797,2020-11-11
L0n_WLAa8CU,Xbox Series X - O INCR√çVEL Game Pass,UCJAbkIY17zAmCTNQHH0bQoQ,Gameplayrj,2020-11-26,231724,30800,375,1268,3300383430,8200000,16284,28,66,331,213.8699951171875,2020-11-25,215.3699951171875,2020-12-02
RyoUt64IaSU,GECEYARISI TAKƒ∞P√áƒ∞Mƒ∞N EVƒ∞NE XBOX SERƒ∞ES X G√ñT√úRD√úM ≈ûOK OLDU!!,UCnmrz900lpZqlxWzN3co2wA,Uras Benlioƒülu,2020-11-10,234864,13748,417,1110,765685440,2910000,960,37,9,724,217.8197326660156,2020-11-09,216.6627655029297,2020-11-16
oPQerOehjdI,PS5 vs Xbox Series X - Which Is The BETTER Console?,UCA5RGaQc-a8tIX_AqTTmWdw,RGT 85,2020-11-15,228278,6097,1563,3000,95798939,355000,1502,554,169,376,215.94464111328125,2020-11-13,210.38999938964844,2020-11-20
ZPM_fVMDxYQ,My Honest Thoughts On The Xbox Series X + Games!,UCA5RGaQc-a8tIX_AqTTmWdw,RGT 85,2020-11-11,94842,4083,199,727,95798939,355000,1502,260,83,146,210.45899963378903,2020-11-10,213.90000915527344,2020-11-17
RR9m7MLDQNo,"–ò–ì–†–û–í–´–ï –ù–û–í–û–°–¢–ò STALKER 2, –ü—Ä–æ–±–ª–µ–º—ã Xbox, –≥–∞–π–¥ PS5, GTA 6 —ç–∫—Å–∫–ª—é–∑–∏–≤, The Witcher 4 –ø–æ—Å–ª–µ Cyberpunk",UCVKFZtHLpIO5I9cxKC8FG3Q,XGTV,2020-11-11,224417,12602,318,569,63949016,395000,1268,12,1,270,210.45899963378903,2020-11-10,213.90000915527344,2020-11-17
WG9gog0VywE,PS5 DualSense vs Xbox Series X Controller ‚Äî –°—Ä–∞–≤–Ω–µ–Ω–∏–µ –Ω–µ–∫—Å—Ç–≥–µ–Ω –≥–µ–π–º–ø–∞–¥–æ–≤. –ß—Ç–æ –ª—É—á—à–µ?,UCVKFZtHLpIO5I9cxKC8FG3Q,XGTV,2020-11-04,88665,3568,321,1141,63949016,395000,1268,9,1,332,205.89096069335938,2020-11-03,210.45899963378903,2020-11-10
eA_-AsrdrW8,DIRT 5 Xbox Series X vs PS4 Pro Early 4K Graphics Comparison,UCD3rfp47a3xZuqHhllcIvIA,Cycu1,2020-11-02,262121,2166,589,1298,94358163,84400,2938,236,115,184,201.9413146972656,2020-10-30,223.1358184814453,2020-11-06
wtH6h6hsW-A,XBOX SERIES X | S - Minha An√°lise / Impress√µes da NOVA GERA√á√ÉO de Consoles!,UCWKtHaeXVzUscYGcm0hEunw,BRKsEDU,2020-11-05,259936,32910,430,1657,1811603562,8740000,4662,51,35,692,215.824951171875,2020-11-04,215.9845428466797,2020-11-11
9R0AqmwYvzk,"–°–µ–∫—Ä–µ—Ç—ã –Ω–æ–≤—ã—Ö –∫–æ–Ω—Å–æ–ª–µ–π –∏ –∞–Ω–∞–ª–∏–∑ –ø—Ä–µ–∑–µ–Ω—Ç–∞—Ü–∏–∏ Playstation 5: –ë–∏—Ç–≤–∞ PS5, –Ω–æ–≤—ã—Ö Xbox –∏ Nintendo",UCv19bD3h1dfYjVTj3v7R9yA,4game,2020-09-18,247980,22274,477,2802,61270267,342000,1337,44,13,1041,202.38015747070312,2020-09-17,202.659423828125,2020-09-24
2yEpKsH8jnw,Xbox Series X in unter 10 Minuten - Unser Fazit,UC6C1dyHHOMVIBAze8dWfqCw,GameStar,2020-11-08,225624,5611,326,1662,1000591905,1280000,10627,67,23,306,223.1358184814453,2020-11-06,215.94464111328125,2020-11-13
3GQp4HUyP3A,Xbox Series X REVIEW,UCok_yhjwg4WSx3s_2Yh8ZjQ,Topes de Gama,2020-11-05,223874,10891,299,915,696802046,3160000,3185,25,17,390,215.824951171875,2020-11-04,215.9845428466797,2020-11-11
4vGfYqiypQY,–ü–æ–±–µ–¥–∏—Ç –ª–∏ Microsoft Sony? –ö—É–¥–∞ –∫–∞—Ç—è—Ç—Å—è Playstation 5 –∏ –Ω–æ–≤—ã–π Xbox?,UCOw9Jzw3p4XzL5Ub5WglJRQ,–ê–ª–µ–∫—Å–µ–π –ú–∞–∫–∞—Ä–µ–Ω–∫–æ–≤,2020-10-10,220310,20837,381,2019,8208918,142000,95,55,13,958,215.24647521972656,2020-10-09,219.08642578125,2020-10-16
YQlP9I7FBdM,–°—Ç—Ä–∞—Ç–µ–≥–∏—è Xbox –ø–æ –∑–∞—Ö–≤–∞—Ç—É –º–∏—Ä–∞ –∏ –∑–æ–ª–æ—Ç–∞—è Playstation 5,UCOw9Jzw3p4XzL5Ub5WglJRQ,–ê–ª–µ–∫—Å–µ–π –ú–∞–∫–∞—Ä–µ–Ω–∫–æ–≤,2020-11-01,213645,18693,363,1733,8208918,142000,95,60,26,978,201.9413146972656,2020-10-30,223.1358184814453,2020-11-06
-Ns6yMD3BVQ,PS5 VS XBOX SERIES X | IL VERDETTO IN 5 PUNTI,UCxKrf2zGbarAs-3zu_OQ-tw,PLAYERINSIDE,2020-11-20,219447,15206,471,2879,115260340,646000,993,129,112,859,212.4199981689453,2020-11-19,213.8699951171875,2020-11-25
YVsqpsf3BCk,Xbox Series X SetUp + UI Walkthrough - ThePapiGfunk,UC-V5YJX0D6elwUrsxAoZkGw,ThePapiGfunk,2020-11-03,217208,5107,864,1015,99016251,420000,1489,249,73,241,201.8016662597656,2020-11-02,217.8197326660156,2020-11-09
HHcCyF7oKLw,Xbox Series X - test quaza,UCC9ZIpLRneyc3gyoCrEj1uw,quaz9,2020-11-14,230667,11312,309,1026,121441428,323000,1040,98,23,529,215.94464111328125,2020-11-13,210.38999938964844,2020-11-20
VBj50u653U8,Historie konzole XBOX | Nejvƒõt≈°√≠ propad√°k Microsoftu | CZ/SK,UC-ThWdmPIlKQs-1zIRUiDwQ,Fredyho videa,2018-05-12,213216,6514,348,1720,21978770,101000,333,54,4,193,94.08597564697266,2018-05-11,93.19776153564452,2018-05-18
e2r_t0PWTEk,Xbox Series X -- recenzja konsoli nowej generacji Microsoftu,UCjgirfp1BeeM98AxxyKXolA,arhn.eu,2020-11-05,210062,7544,189,1136,140726882,329000,1046,107,32,524,215.824951171875,2020-11-04,215.9845428466797,2020-11-11
i49pzX906Yk,Woman DEMANDS Free PS5 &amp; XBOX Series X...Gets It &amp; FLAGS Anyone Criticizing Her! (Griffen Gaming),UCfwE_ODI1YTbdjkzuSi1Nag,TheQuartering,2020-11-28,211372,15615,333,3418,438439062,982000,2695,534,226,337,215.22999572753903,2020-11-27,214.3600006103516,2020-12-04
M4yW4MHtvpY,–û–±–∑–æ—Ä Xbox Series X. –û–Ω –ª—É—á—à–µ —Ç–≤–æ–µ–≥–æ –ü–ö. –°–∞–º–∞—è –º–æ—â–Ω–∞—è –∏–≥—Ä–æ–≤–∞—è –∫–æ–Ω—Å–æ–ª—å –≤ –º–∏—Ä–µ,UCr_fwF-n-2_olTYd-m3n32g,–ê–Ω—Ç–æ–Ω –õ–æ–≥–≤–∏–Ω–æ–≤,2020-11-05,205394,12562,2027,691,180131384,618000,683,20,6,463,215.824951171875,2020-11-04,215.9845428466797,2020-11-11
yHLAhPAvAec,Attemping to Buy the Xbox Series X and Xbox Series S - Launch Day Live Stream,UCT1Xazfuqh3oY1K_8C3J7fQ,Jake Randall,2020-11-10,204257,4683,170,325,4893040,84100,149,60,14,32,217.8197326660156,2020-11-09,216.6627655029297,2020-11-16
nALbGpsUmxU,Attemping to Buy the Xbox Series X and Xbox Series S from Walmart - Launch Day,UCT1Xazfuqh3oY1K_8C3J7fQ,Jake Randall,2020-11-10,120379,3189,141,213,4893040,84100,149,51,12,39,217.8197326660156,2020-11-09,216.6627655029297,2020-11-16
vxHzaryQzj8,Xbox Series X &quot;Has Been A Lie&quot; | Developer Speaks Out On Insane Next Generation Capabilities,UCJxnwvg6KA3tr04K-tBO-bQ,Dealer - Gaming,2020-10-26,205976,7143,1022,1929,27494251,94000,562,256,97,123,215.66537475585938,2020-10-23,201.9413146972656,2020-10-30
yEa56iNs8-0,"Xbox Series X BOOSTED | Phil Spencer AMD Event, PS5 Upgrade Details, Halo, New Xbox Update",UCJxnwvg6KA3tr04K-tBO-bQ,Dealer - Gaming,2020-12-04,67158,4237,335,930,27494251,94000,562,201,46,96,214.2400054931641,2020-12-03,214.2899932861328,2020-12-07
cDl2OGGAoBQ,PS5 Boss SPEAKS OUT On New Xbox Series X Bethesda Games Exclusives | Microsoft &amp; Sony Clarify,UCJxnwvg6KA3tr04K-tBO-bQ,Dealer - Gaming,2020-11-20,53798,2997,190,1219,27494251,94000,562,168,56,100,212.4199981689453,2020-11-19,213.8699951171875,2020-11-25
hFiDtRKdrzg,DE CE mi-am luat XBOX si nu PS4 ?? - Vlog 838,UCHIm4Bk83-0f9pXLK-zfwMA,Bogdan Pricope,2018-12-13,198368,6504,464,1350,39085341,216000,1104,91,23,434,106.36386108398438,2018-12-12,101.10807037353516,2018-12-19
4P8W-leKKn4,Unboxing XBOX SERIES X + Nyalain PERTAMA Kali! | Lazy Unboxing,UCbb5TgzYFaLw0_QYxMvxDdg,The Lazy Monday,2020-11-22,149898,5777,132,946,77586419,369000,1182,66,43,515,210.38999938964844,2020-11-20,215.22999572753903,2020-11-27
odnj9c4JLBc,XBOX Series X e S: MICROSOFT CHE COMBINI?,UC_eA572lBzVkpXhoeWnqSKQ,Quei Due Sul Server,2020-11-20,146778,10734,238,909,169692637,712000,1238,56,44,563,212.4199981689453,2020-11-19,213.8699951171875,2020-11-25
69a4Ea_F1Cs,LA MIGLIOR CONSOLE: Playstation 5 o Xbox Series X?,UC_eA572lBzVkpXhoeWnqSKQ,Quei Due Sul Server,2020-12-02,141544,13263,301,1471,169692637,712000,1238,68,70,757,216.2100067138672,2020-12-01,214.2899932861328,2020-12-07
iavjD0ZDWsU,Xbox Series X One Month Review | Worth it vs the PS5?,UCVLN0tY51ewH44wUtx3YZTA,Tech Spurt,2020-11-24,192508,3547,385,886,100768265,425000,834,185,61,123,210.1100006103516,2020-11-23,214.07000732421875,2020-11-30
YuDwOlT1bvk,2020Âπ¥‰ªÄ‰πà‰∏ªÊú∫ÂÄºÂæó‰π∞ÔºüPS5„ÄÅÊñ∞XboxÂíåSwitchË¥≠‰π∞ÂâçÁûªÊé®Ëçê,UCAQmUESq4GxO1b_iBCrYlTA,Dio Chan,2020-02-04,136122,1077,97,260,13839096,63500,426,1,0,73,172.5520477294922,2020-02-03,186.7219390869141,2020-02-10
vddgByPt2fY,Playstation 5 vs Xbox Series X | Bu neslin kazananƒ± kim?,UCOFafpmI_dt8SxisbKniN4A,Mesut √áevik,2020-11-10,132094,6856,288,1754,16815402,217000,139,75,59,842,217.8197326660156,2020-11-09,216.6627655029297,2020-11-16
bsqO6mfRhuc,"Xbox Series X: La consola m√°s poderosa de la historia | Unboxing, juegos, controles",UCTVlEYIot8eHlhSlziENlog,elgranqenk2,2020-11-21,129197,12296,337,1534,151330744,693000,1210,46,38,1016,210.38999938964844,2020-11-20,215.22999572753903,2020-11-27
nLmoLQpI_Lw,"Xbox Series X: ¬øVale la pena comprar? - Servicios, juegos recomendados, y M√ÅS",UCTVlEYIot8eHlhSlziENlog,elgranqenk2,2020-12-04,72208,6038,181,817,151330744,693000,1210,29,25,347,214.2400054931641,2020-12-03,214.2899932861328,2020-12-07
OH8fz9pnE64,Microsoft –æ—Ñ–∏—Ü–∏–∞–ª—å–Ω–æ –ö–£–ü–ò–õ–ò Bethesda! The Elder Scrolls 6 –±—É–¥–µ—Ç –≠–ö–°–ö–õ–Æ–ó–ò–í–û–ú Xbox Series X?!,UCUKozrdkGiiw_MkUSjqssGQ,–ö—É–ª—å—Ç–∞—Å –ñ–ò–í–¨–ï–ú,2020-09-21,126429,12106,292,1343,44580919,183000,528,25,7,650,199.8667297363281,2020-09-18,207.27734375,2020-09-25
7pK5dVpgVo4,–Ø –±—ã–ª –ù–ï–°–ü–†–ê–í–ï–î–õ–ò–í —Å Xbox Series X...,UCUKozrdkGiiw_MkUSjqssGQ,–ö—É–ª—å—Ç–∞—Å –ñ–ò–í–¨–ï–ú,2020-11-11,91448,8506,292,533,44580919,183000,528,17,3,308,210.45899963378903,2020-11-10,213.90000915527344,2020-11-17
luXfDJk_iNc,The Elder Scrolls 6 –º–æ–≥—É—Ç —Å–¥–µ–ª–∞—Ç—å –≠–ö–°–ö–õ–Æ–ó–ò–í–û–ú Xbox Series X...,UCUKozrdkGiiw_MkUSjqssGQ,–ö—É–ª—å—Ç–∞—Å –ñ–ò–í–¨–ï–ú,2020-10-17,68766,5166,176,498,44580919,183000,528,7,4,246,219.08642578125,2020-10-16,215.66537475585938,2020-10-23
5fNUvV1brXo,–ù–∞—á–∞–ª—å–Ω–∏–∫ Xbox Series X —Å–æ–≤–µ—Ç—É–µ—Ç –°–û–ë–°–¢–í–ï–ù–ù–´–ú —Ñ–∞–Ω–±–æ—è–º –üO–°O–°A–¢–¨,UCUKozrdkGiiw_MkUSjqssGQ,–ö—É–ª—å—Ç–∞—Å –ñ–ò–í–¨–ï–ú,2020-11-26,65181,5497,296,487,44580919,183000,528,9,2,290,213.8699951171875,2020-11-25,215.3699951171875,2020-12-02
fnCPp00_ITM,Das Scheitern der XBOX One,UCMXLdjrQi4JzY0NNvCdUEUQ,Ulti,2020-08-30,124579,9864,467,1789,15913426,108000,133,119,58,644,228.3122711181641,2020-08-28,213.6905517578125,2020-09-04
VxPUXRUYshU,Xbox Series X | S : TEST ET COMPARATIF,UC-pdFydi9ooxEfATh3KoiIw,STEVEN,2020-11-13,129475,5980,183,895,152196833,902000,1385,125,25,366,214.87744140625,2020-11-12,212.4199981689453,2020-11-19
4zHAFzeBSP4,PRVI PUT KORISTIM XBOX,UC8GI5pTnHATgRK6vgWhu_-A,Cile ST,2020-06-03,123746,7153,101,787,132236285,472000,1760,54,15,413,183.982421875,2020-06-02,188.847900390625,2020-06-09
m14e6UXQIts,PS5 VS. XBOX SERIES X | RECENSIONE DI UN PC GAMER,UC6NpRkanSBgQVdPZs_y3aKg,Prodigeek,2020-11-22,125143,7612,216,1284,22735183,146000,673,93,71,549,210.38999938964844,2020-11-20,215.22999572753903,2020-11-27
Yj4PHRL9Ja8,–¢–æ–ø 8 —Ñ–∏—à–µ–∫ PlayStation 5 vs Xbox Series X. –ü–æ–ª–Ω—ã–π —Ç–µ—Å—Ç PS5 –∏ —Å—Ä–∞–≤–Ω–µ–Ω–∏–µ.,UC6uFoHcr_EEK6DgCS-LeTNA,PRO Hi-Tech,2020-11-23,126922,10648,922,1657,97558603,564000,858,32,16,930,210.38999938964844,2020-11-20,215.22999572753903,2020-11-27
FzBxe4xUiNM,–ß–¢–û –í–´ –°–î–ï–õ–ê–õ–ò –° –ú–û–ï–ô –ö–û–®–ö–û–ô? –û–ë–ó–û–† XBOX SERIES X,UCH7vazfQkjRfpCa7ShQH7lQ,SERJTHEKING,2020-11-29,129916,17682,149,665,152881576,1070000,298,10,6,465,215.22999572753903,2020-11-27,214.3600006103516,2020-12-04
CjetFxBA71M,NAJWIƒòKSZE PROBLEMY PlayStation 5 i Xbox Series X,UC-867iftJqBGr0mQ83xqyKw,Spider's Web TV,2020-11-11,119329,4686,753,1190,36783604,115000,758,79,39,401,210.45899963378903,2020-11-10,213.90000915527344,2020-11-17
AcZrrjJYkq0,10 fakt√≥w o XBOX SERIES X po tygodniu z konsolƒÖ,UC-867iftJqBGr0mQ83xqyKw,Spider's Web TV,2020-10-23,105962,4351,245,680,36783604,115000,758,35,10,254,214.3288726806641,2020-10-22,204.1854248046875,2020-10-29
cTef7nq5Okk,Xbox GAME PASS Games you may have OVERLOOKED!,UCEFymXY4eFCo_AchSpxwyrg,MetalJesusRocks,2020-11-17,118647,5063,197,851,186637519,804000,792,330,144,86,216.6627655029297,2020-11-16,210.1100006103516,2020-11-23
bo5Kji-RNbM,Xbox RESPONDS To PS5 OUTPERFORMING Xbox Series X | Xbox Series X UPGRADES Coming Soon?,UC1Ze81XDuhJOGbaNq-CZXUA,Rand al Thor 19,2020-11-27,128216,4484,437,2398,20196081,72000,1256,379,131,154,213.8699951171875,2020-11-25,214.2400054931641,2020-12-03
z0Cd0q21nc0,"Xbox Makes HUGE PROMISE | Phil Spencer Talks Xbox Series X vs PS5 CONSOLE WAR, Halo Infinite &amp; More!",UC1Ze81XDuhJOGbaNq-CZXUA,Rand al Thor 19,2020-11-26,107010,4195,193,1177,20196081,72000,1256,210,99,93,213.8699951171875,2020-11-25,215.3699951171875,2020-12-02
S73acBiJnhs,"Xbox Series X 1st MAJOR UPDATE | New Xbox Studio, Halo Infinite &amp; Forza Horizon 5 Rumors",UC1Ze81XDuhJOGbaNq-CZXUA,Rand al Thor 19,2020-12-01,123435,5000,168,1258,20196081,72000,1256,179,99,131,214.07000732421875,2020-11-30,214.2899932861328,2020-12-07
8buQXF6rn2w,NEW Xbox Series X Exclusive Game LEAK? | Xbox SHUTTING DOWN The Trolls,UC1Ze81XDuhJOGbaNq-CZXUA,Rand al Thor 19,2020-11-03,75528,3906,135,717,20196081,72000,1256,166,59,92,201.8016662597656,2020-11-02,217.8197326660156,2020-11-09
wnOF7yOr9Ko,Microsoft CEO Talks XBOX vs PS5 | Xbox Series X Scalpers SCREWED | PS2 Games on Xbox Series S,UC1Ze81XDuhJOGbaNq-CZXUA,Rand al Thor 19,2020-12-03,67106,2816,118,678,20196081,72000,1256,101,40,61,215.3699951171875,2020-12-02,214.2899932861328,2020-12-07
R3hrk6T5yaY,XBOX Series X &amp; AC: Valhalla | FAZIT nach 5 Tagen! (4K/60FPS),UCJZnRJATAFN5rbXpewp7Vyw,mpoxDE,2020-11-15,114426,3286,189,732,21734187,91500,694,85,25,256,215.94464111328125,2020-11-13,210.38999938964844,2020-11-20
lIdMLKXLeOI,10 NEW REALISTIC THINGS IN FIFA 21 NEXT GEN (PS5 &amp; XBOX Series X),UCPKygO_jZ0eITGwO9mSV-Og,2SANDER7,2020-12-03,112927,3922,139,261,202836440,558000,2034,50,19,83,215.3699951171875,2020-12-02,214.2899932861328,2020-12-07
IWicUud_clI,Ps5 Vs Xbox Series X - The Clear Winner,UC4_bwov47DseacR1-ttTdOg,boogie2988,2020-12-05,107911,5001,472,1466,895028174,4280000,2327,435,106,235,214.3600006103516,2020-12-04,214.2899932861328,2020-12-07
W4jvm1rSXEQ,„Å§„ÅÑ„Å´Ê¨°‰∏ñ‰ª£Ê©ü„ÅåÊù•„ÅüÔºÅXbox seriesXÈñãÂ∞Å„Å®„Éï„Ç°„Éº„Çπ„Éà„Ç§„É≥„Éó„É¨„ÉÉ„Ç∑„Éß„É≥ÔºÅ,UCh_fW8LxPsfr9UooM37tRSA,„Åë„ÅÑ„Åò„ÉÅ„É£„É≥„Éç„É´,2020-11-10,107678,2016,137,334,67596565,141000,1522,2,1,270,217.8197326660156,2020-11-09,216.6627655029297,2020-11-16
plxeHShOgRQ,PS5„Çà„ÇäÊÄßËÉΩ„ÅåÈ´ò„ÅÑ„ÅØ„Åö„ÅÆXbox„Å™„ÅÆ„Å´„Å™„ÅúPS5„ÅØ„Åù„Çå‰ª•‰∏ä„ÅÆÊÄßËÉΩ„ÇíÂá∫„Åô„ÅÆ„ÅãÔºü„Äê„Ç≤„Éº„É†„Éã„É•„Éº„Çπ„ÉªË©±È°å„Åæ„Å®„ÇÅ„Äë,UCh_fW8LxPsfr9UooM37tRSA,„Åë„ÅÑ„Åò„ÉÅ„É£„É≥„Éç„É´,2020-11-29,66083,1047,124,231,67596565,141000,1522,0,1,138,215.22999572753903,2020-11-27,214.3600006103516,2020-12-04
ZrP_gMXGXiU,Xbox Series X secondo un designer,UC8yOoFdxxhUXmgYtyXpbr3Q,BRECCIA,2020-11-10,108762,12291,256,985,3061834,60600,65,56,25,501,217.8197326660156,2020-11-09,216.6627655029297,2020-11-16
PS7W-vdJo5M,"Xbox One S Mi Almalƒ±yƒ±m PlayStation 4&#39;m√º ? (Nasƒ±l Karar Verilmeli, Farklarƒ± Neler ?)",UC76fP7T-H7owwaQq2EctlJQ,Anƒ±l Keskinba≈ü,2020-02-17,107808,2877,181,1832,6450617,19800,951,3,8,82,183.4070587158203,2020-02-14,177.2006072998047,2020-02-21
WfjgpcWCfWk,Xbox Series X Unboxing | PS5 Ki Story Ka Villan.,UCheoCqHDwPcfS9Jrgz8siQw,VideoWaliSarkar,2020-11-27,106421,7666,177,1010,168085553,1440000,1388,181,28,358,213.8699951171875,2020-11-25,214.2400054931641,2020-12-03
oRZrhRIqi0o,„ÄêÂõΩÂÜÖÊúÄÈÄüÈñãÂ∞Å„É¨„Éì„É•„Éº„ÄëÂ∞è„Åï„Åô„Åéww XBOX„Ç∑„É™„Éº„Ç∫SÔΩ∑ÔæÄ‚îÅ(Ôæü‚àÄÔæü)‚îÅ!! D„Ç≤„Ç§„É´ ÂÆüÂÜô Ê¨°‰∏ñ‰ª£„Ç≥„É≥„Éà„É≠„Éº„É©„Éº Êú¨‰Ωì„ÅÆÂ§ß„Åç„ÅïÊØîËºÉ Ê≠¥‰ª£ XBOXONE 4K,UCBERF7Bp43yKWe-9e3fqoqw,D„Ç≤„Ç§„É´,2020-11-09,104638,1812,265,339,68757204,191000,964,2,0,223,223.1358184814453,2020-11-06,215.94464111328125,2020-11-13
6Wieiy9LlLs,üéÆ PLAYSTATION 2 en XBOX SERIES S ¬ø es capaz de emulaci√≥n correcta en PS2 ?,UCWcp1Mwm7_bJ-mVoZb8TdkQ,TuberViejuner,2020-12-01,107583,8135,119,898,38336740,316000,500,46,40,456,214.07000732421875,2020-11-30,214.2899932861328,2020-12-07
piHIWTJKi_A,The Xbox Series S Does What The PlayStation 5 Don&#39;t,UC__Oy3QdB3d9_FHO_XG1PZg,ReviewTechUSA,2020-12-01,112480,7178,427,1753,434960242,963000,3752,439,119,293,214.07000732421875,2020-11-30,214.2899932861328,2020-12-07
q6Ho_Y51jJo,LLEG√ì LA XBOX SERIES X! Unboxing e impresiones,UCwGX2cE21VPBEJ49hcprP9w,SupraPixel,2020-11-14,102444,9112,196,735,242177992,1220000,2408,26,6,399,215.94464111328125,2020-11-13,210.38999938964844,2020-11-20
t_L-SGDto70,"Xbox Series X, an√°lisis DEFINITIVO",UCwGX2cE21VPBEJ49hcprP9w,SupraPixel,2020-11-28,96047,7345,148,795,242177992,1220000,2408,27,24,437,215.22999572753903,2020-11-27,214.3600006103516,2020-12-04
JNl5Poj8Ysg,Czy warto kupiƒá Xbox 360 w 2020 roku? - Hardware,UCqRxTkRhpQ49jA5UKVh4RCw,NRGeek,2020-02-16,102918,3775,138,866,82405002,159000,1842,84,13,320,183.4070587158203,2020-02-14,177.2006072998047,2020-02-21
_HyMtf2LPnA,–í–û–¢ –ü–û–ß–ï–ú–£ PS5 –õ–£–ß–®–ï XBOX SERIES X,UCOjjJFywLQTzZcARKsTUzXA,DaiFiveTop,2020-11-24,104218,5035,2606,1511,2005192455,5750000,1922,6,5,531,210.1100006103516,2020-11-23,214.07000732421875,2020-11-30
cTVfEnuYp5Y,üî¥ EVENTO XBOX M√âXICO | ESPA√ëOL | WELCOM NEXT GEN,UCVZrXOksHVczMJmCUpZiYEg,Halo Games,2020-11-10,100698,4512,392,143,25078269,157000,558,2,2,52,217.8197326660156,2020-11-09,216.6627655029297,2020-11-16
wQBaZJh8P7Q,Everything Xbox Series X Does BETTER Than PS5,UCvO9Xk3bheuxEemvknCj72g,WhatCulture Gaming,2020-11-22,103717,3513,756,1507,654872258,1560000,3084,268,62,136,210.38999938964844,2020-11-20,215.22999572753903,2020-11-27
3j0ZzVmfEyI,Was I WRONG About Xbox Series X? - Console Review,UCiHFS5txB0O7jckRk-oK8XQ,DreamcastGuy,2020-11-10,100291,4642,557,1441,61638713,200000,1640,372,108,173,217.8197326660156,2020-11-09,216.6627655029297,2020-11-16
Kto60aGe6gU,XBOX SERIES X ecco i miei test e considerazioni,UChQlb1CdktgAt4k7U0TqisQ,Parliamo di Videogiochi,2020-11-05,100780,6037,104,1129,114836848,471000,894,46,48,274,215.824951171875,2020-11-04,215.9845428466797,2020-11-11
CmIjrB7HLAE,&quot;PS5 Just DESTROYED Xbox Series X &amp; S! Game Over For Microsoft&quot; | The Amazing Lucas Hates Xbox,UCebx-TT_kPognZx1nIfnb_g,Griffin Gaming,2020-12-03,94693,8496,427,4054,33342482,207000,251,499,272,327,215.3699951171875,2020-12-02,214.2899932861328,2020-12-07
No3Lc1Ereyc,Xbox Series Controller Teardown - A Repairability Perspective,UCfOrKQtC1tDfGf_fFVb8pYw,TronicsFix,2020-12-02,95286,2688,59,443,100377853,744000,245,93,25,62,216.2100067138672,2020-12-01,214.2899932861328,2020-12-07
GHsCBa2D4Qc,I Hosted A PS5 VS XBOX SERIES X 1v1 Tournament...,UC3q_KTjxJnbRUNMVTrvyGmQ,Plalism,2020-12-05,102756,5360,77,730,10482804,137000,155,146,38,224,214.3600006103516,2020-12-04,214.2899932861328,2020-12-07
dVwL3U2wiV0,XBOX SERIES X | S: 107 datos que DEBES saber ANTES DE COMPRAR | AtomiK.O.,UC7FFfS8Gaz0YSB8Gg0-VRew,AtomiK.O.,2020-11-14,95785,5842,179,606,77339918,613000,248,17,18,240,215.94464111328125,2020-11-13,210.38999938964844,2020-11-20
sZ16fsn4Jog,&quot;PS5 –æ—Å—Ç–∞–µ—Ç—Å—è –∫–æ–Ω—Å–æ–ª—å—é –¥–ª—è –≠–õ–ò–¢–´&quot; | &quot;XBOX –ø—Ä–æ—Å—Ç–æ –Ω–µ —É–≥–Ω–∞—Ç—å—Å—è&quot; –ø–æ –º–Ω–µ–Ω–∏—é –°–æ–Ω–∏–±–æ—è,UCUzkWdUCkVrkKCcmut9epTQ,DeadP47,2020-10-22,92468,5878,461,2058,1530274,19400,171,33,16,928,214.23912048339844,2020-10-21,202.1507568359375,2020-10-28
j2EZLb2ZMO8,&quot;XBOX –∫—É–ø—è—Ç —Ç–æ–ª—å–∫–æ –ù–ò–©–ò–ï!&quot; | &quot;PS5 –ø—Ä–æ–∏–≥—Ä—ã–≤–∞–µ—Ç –ø–æ Google-–∑–∞–ø—Ä–æ—Å–∞–º!&quot; - –ø–æ —Å–ª–æ–≤–∞–º –°–æ–Ω–∏–±–æ—è,UCUzkWdUCkVrkKCcmut9epTQ,DeadP47,2020-11-10,55925,4863,341,1464,1530274,19400,171,35,7,770,217.8197326660156,2020-11-09,216.6627655029297,2020-11-16
IPmjxBh3LcA,as√≠ es WARZONE en XBOX SERIES X üíö ¬øse ve bien? GAMEPLAY en ESPA√ëOL a &quot;4K&quot; | Call of Duty - Series S,UCNPWARorKUDbKJNzPXX9Org,Josanguz,2020-11-10,92931,3020,228,488,9366341,46100,1389,22,18,248,217.8197326660156,2020-11-09,216.6627655029297,2020-11-16
pm-syIUskZ0,as√≠ es FORTNITE en XBOX SERIES X üíö ¬øse ve bien? GAMEPLAY en ESPA√ëOL a &quot;4K&quot; | Xbox Series X | S,UCNPWARorKUDbKJNzPXX9Org,Josanguz,2020-11-10,71435,2669,191,576,9366341,46100,1389,24,11,250,217.8197326660156,2020-11-09,216.6627655029297,2020-11-16
MLC0661y-o8,Xbox Series X vs Series S: Spar dir das Geld!,UCoYFo3L74njkPCbj6LyiexA,OwnGalaxy,2020-11-06,97724,2594,328,663,28422636,158000,650,40,17,188,222.7069396972656,2020-11-05,214.87744140625,2020-11-12
40mAECu-pcY,XBox Series S Unboxing: My first XBox!,UCSy9Nf-NSaQbP4PyA5jnd2A,Joshua Vergara,2020-11-11,96309,3221,100,529,21335540,179000,423,128,33,83,210.45899963378903,2020-11-10,213.90000915527344,2020-11-17
klnBngT4dFw,XBOX ÏãúÎ¶¨Ï¶à XÍ∞Ä Ï∞®ÏÑ∏ÎåÄÍ∏∞ ÏãúÏû•Ïóê ÎÇ¥Í±¥ ÏäπÎ∂ÄÏàò | DO SPECIAL,UCnhZk0ebU5fm9oazpCtc_Sg,GameDO,2020-09-13,89123,1497,44,578,36425617,124000,524,3,3,322,203.4972381591797,2020-09-11,199.8667297363281,2020-09-18
TIf4f1VjwEw,"ÎìúÎîîÏñ¥ ÏãúÏûëÎêú Ï∞®ÏÑ∏ÎåÄÍ∏∞Ïùò ÏãúÎåÄ, XBOX ÏãúÎ¶¨Ï¶à X Ïñ∏Î∞ïÏã± | DO UNBOXING [4K]",UCnhZk0ebU5fm9oazpCtc_Sg,GameDO,2020-11-11,57527,1439,67,346,36425617,124000,524,1,0,231,210.45899963378903,2020-11-10,213.90000915527344,2020-11-17
Y68sN0urIcY,UNBOXAR HELT NYA XBOX SERIES X! *VISAR ALLA NYA SPEL &amp; FUNKTIONER*,UCsvCwKoFk0PmPdMZQJpWiKw,L22,2020-11-10,88045,3875,64,564,106685012,234000,3150,29,5,322,217.8197326660156,2020-11-09,216.6627655029297,2020-11-16
wGVCNEsIN7k,Itpedia –∫—É–ø–∏–ª Xbox Series X | –†–µ–∞–∫—Ü–∏—è –±–∏–ª–ª–∏–±–æ—è –Ω–∞ –≥–ª–∞–≤–Ω–æ–≥–æ —Å–æ–Ω–∏–±–æ—è,UCVIVLR54u-ZC5nyU4PPd6Mw,JumboMax,2020-11-13,83599,4826,364,895,11606398,63300,447,18,8,558,214.87744140625,2020-11-12,212.4199981689453,2020-11-19
wSS8ssTKLgA,–ü–ï–†–í–´–ô –ó–ê–ü–£–°–ö XBOX SERIES X,UCVIVLR54u-ZC5nyU4PPd6Mw,JumboMax,2020-11-11,79529,5346,285,949,11606398,63300,447,18,10,641,210.45899963378903,2020-11-10,213.90000915527344,2020-11-17
9UGPLt49LSA,–ü–æ–∑–æ—Ä Xbox Series X? | PS5 –ø–æ–∫–∞–∑–∞–ª–∞ —Å–µ–±—è –ª—É—á—à–µ,UCVIVLR54u-ZC5nyU4PPd6Mw,JumboMax,2020-11-22,51566,3513,294,1191,11606398,63300,447,16,6,534,210.38999938964844,2020-11-20,215.22999572753903,2020-11-27
PWUGA_YRKHw,COMEMORA√á√ÉO DE LAN√áAMENTO XBOX SERIES X|S NO BRASIL üáßüá∑üéÆ,UCi9Uzh14BHqkN7UO_2lbrMw,XboxBR,2020-11-09,80952,7344,150,674,63061587,258000,2130,39,9,339,223.1358184814453,2020-11-06,215.94464111328125,2020-11-13
b1rguECjPa0,itpedia –ù–ï —É–Ω–∏—á—Ç–æ–∂–∏–ª Xbox Series X |  –°–º–æ—Ç—Ä–∏–º - PS5 –£–ù–ò–ß–¢–û–ñ–ò–õ–ê Xbox Series X,UCqUSSZhIWecYucbS8HkpMqQ,Pulyaev,2020-09-20,80899,4831,510,1157,3513672,17200,167,18,20,536,199.8667297363281,2020-09-18,207.27734375,2020-09-25
qY10nc8UQmI,XBOX Series X nach 1 Monat! (review),UCF_n906__yoMtxZQtmqmZbA,iKnowReview,2020-11-24,91191,5521,115,748,100878699,393000,624,51,19,257,210.1100006103516,2020-11-23,214.07000732421875,2020-11-30
z428MolYgZ0,2020 yƒ±lƒ±nda Xbox One S hala alƒ±nƒ±r mƒ±?,UCzNu79N8Lq1wUY52MkhWKSA,ShiftDelete.Net,2020-05-19,80222,2556,168,900,494024595,1420000,5840,26,22,305,183.471435546875,2020-05-18,182.5894317626953,2020-05-22
YofkHyuqoYI,Xbox Series S kutusundan √ßƒ±kƒ±yor! - Yeni nesil oyunun en ucuzu!,UCzNu79N8Lq1wUY52MkhWKSA,ShiftDelete.Net,2020-10-31,69201,3620,146,502,494024595,1420000,5840,6,3,256,201.9413146972656,2020-10-30,223.1358184814453,2020-11-06
TsX7iz15hmk,Itt az √öJ konzolgener√°ci√≥: XBOX Series X!!,UCRJovKcgUL7QumDE1YsLqzg,Magyar√≥si Csaba,2020-11-05,77020,2071,172,229,96016158,337000,911,38,6,80,215.824951171875,2020-11-04,215.9845428466797,2020-11-11
0JLNKuEl4Bg,XBOX SERIE S sa di POLLAIO,UC5GSO2hiHevgZUhSQIJNd2A,Quei Due Sul Server 2,2020-11-18,76987,7542,108,472,374940933,569000,4991,22,22,278,213.90000915527344,2020-11-17,213.8600006103516,2020-11-24
YbbeQyKg4No,MADDEN 21 NEXT GEN CAREER MODE! NFC Championship vs Aaron Rodgers (Xbox Series X Gameplay),UCtuKVZ8J_E2N9BqswnBTdjg,QJB,2020-12-04,83338,3644,54,357,609231022,2100000,3695,71,28,118,214.2400054931641,2020-12-03,214.2899932861328,2020-12-07
HarDsCXn7i4,"CHEGOU! XBOX SERIES S, o console ‚ÄúBARATO‚Äùda Microsoft! Unboxing e Impress√µes",UCY5nGkuALqkKKOVhivryH3A,Gesiel Taveira,2020-11-19,76193,8260,98,1043,218408435,1680000,1185,39,14,406,211.0800018310547,2020-11-18,213.8699951171875,2020-11-25
M806vU885qo,How Does My ¬£300 Gaming PC Compare To The Xbox Series S?,UCUzjKyS5r72bfvPkA6GxpRg,RandomGaminginHD,2020-12-01,91600,6147,95,1036,136200264,395000,816,245,62,144,214.07000732421875,2020-11-30,214.2899932861328,2020-12-07
68ZNmqlJIOI,10 Sebab Jangan Beli Xbox One | Sembang Nerd Ep. 18,UCJRM-VZ_SnLQvhlyJMHoAMw,The Kampung Nerd,2018-11-25,67890,2145,245,929,2270394,33400,287,69,34,145,100.5035171508789,2018-11-23,108.12879180908205,2018-11-30
2PHuS0f0EfU,YENƒ∞ NESƒ∞L XBOX KONSOLLARI √ñZEL ETKƒ∞NLƒ∞ƒûƒ∞,UCvKcRMr2_wmejWIIMuVRGZA,Multiplayer,2020-11-09,66371,3425,276,178,165126338,513000,2902,5,3,85,223.1358184814453,2020-11-06,215.94464111328125,2020-11-13
QBiBC_HOTXk,XBox Series S Unboxing and first Impressions with a 1440p Monitor,UCwNKv8AUiwqJ_zqBlJ2gxiw,JoelsterG4K,2020-11-10,71283,1517,92,554,22451812,41800,860,83,37,88,217.8197326660156,2020-11-09,216.6627655029297,2020-11-16
n2sVG7YvFyk,SOIR√âE SPECIALE XBOX AVEC HENRIREJAUNE,UCB3Vqxt5hVRKKWivG_OI4DA,Alderiate,2020-11-19,66210,5422,28,1769,37083764,294000,156,93,13,994,211.0800018310547,2020-11-18,213.8699951171875,2020-11-25
G9JLK5y0iAE,MICROSOFT ENLOUQUECEU: 15 JOGOS GR√ÅTIS SEM PAGAR NADA PARA SEU XBOX 360 CORRE E PEGUE J√Å üò±üò±üò±,UC6ZksIzSek1bWYHPoUvFWZA,AnderLyneGames,2020-12-04,66084,13112,552,505,44505330,464000,1318,29,9,239,214.2400054931641,2020-12-03,214.2899932861328,2020-12-07
TESRnDl1KlM,Joguei de KRATOS no XBOX SERIES X? - Fortnite,UC0thds55Zx_icfe2QyO5eIA,Hagazo,2020-12-04,66353,5650,85,429,571145702,2140000,3938,23,5,315,214.2400054931641,2020-12-03,214.2899932861328,2020-12-07
GRa7UiFR9QA,XBOX SERIES X : La console SURCHAUFFE ?! üò® Explications | Pourquoi c&#39;est fake !,UCDGmZYT5QfvfEXgzaEAYNpg,Jeux Vid√©o Magazine,2020-11-11,63819,3111,163,497,12408238,92600,700,18,56,170,210.45899963378903,2020-11-10,213.90000915527344,2020-11-17
Q5guYjQh6uk,Xbox Game Pass –∏ Xbox Series X/S ‚Äî –∞–∫—Ç—É–∞–ª—å–Ω–∞—è –∏–Ω—Ñ–æ—Ä–º–∞—Ü–∏—è,UCVaY1tD0M_kLbetqbUmSHOA,Denis Major,2020-10-06,65922,3102,134,564,23161721,95500,1076,4,25,169,209.8306579589844,2020-10-05,220.8218688964844,2020-10-12
G4QfHfhgsEk,"Xbox Series S: –ø–µ—Ä–≤—ã–µ –≤–ø–µ—á–∞—Ç–ª–µ–Ω–∏—è, —Ä–∞—Å–ø–∞–∫–æ–≤–∫–∞, —É—Å—Ç–∞–Ω–æ–≤–∫–∞ –∏ –∑–∞–ø—É—Å–∫ –∏–≥—Ä (–∑–∞–ø–∏—Å—å –≥–µ–π–º–ø–ª–µ—è –≤ 4–ö)",UCVaY1tD0M_kLbetqbUmSHOA,Denis Major,2020-11-19,56786,3141,134,523,23161721,95500,1076,16,1,165,211.0800018310547,2020-11-18,213.8699951171875,2020-11-25
6PPURBqoJx4,100 ÿ≠ŸÇŸäŸÇÿ© ÿπŸÜ XBOX,UC4Bf3WKRaNAu1U-KaEaIZeQ,Playmore Media - ÿ®ŸÑÿßŸäŸÖŸàÿ± ŸÖŸäÿØŸäÿß,2020-12-03,62622,8906,111,651,68807687,611000,951,6,4,392,215.3699951171875,2020-12-02,214.2899932861328,2020-12-07
4dTKh1OYQbs,Giving People Free PS5 Or Free Xbox,UCs-RHLMgqjC1CS9Rsq4I3Xg,Legit Tim,2020-12-02,62724,4443,102,859,295451241,2040000,923,207,45,463,216.2100067138672,2020-12-01,214.2899932861328,2020-12-07
LUcvuPariQ8,"NAJMOCNIEJSZA KONSOLA NA RYNKU üòà | Test, recenzja XBOX Series X",UCmsxFRm1zRgueucG2Pc9Kzg,x-kom,2020-11-10,60962,2363,200,541,50530375,206000,618,27,3,162,217.8197326660156,2020-11-09,216.6627655029297,2020-11-16
Ty3leTuWmIQ,–ü–æ—á–µ–º—É —è –≤—ã–±—Ä–∞–ª Xbox Series X,UCw9zJnmccvZ5d13zXTLWGWg,–ë–∏—Ç—ã–π –ü–∏–∫—Å–µ–ª—å,2020-11-17,60084,4827,411,659,21020882,112000,383,20,5,285,216.6627655029297,2020-11-16,210.1100006103516,2020-11-23
zXIhMK9bEA0,XBOXÊ¨°‰∏ñ‰ª£Ê©ü„ÅåÊú¨Êó•Áô∫Â£≤ÔºÅ„Åú„Å≤„Éó„É¨„Ç§„Åó„Å¶Ê¨≤„Åó„ÅÑË∂Ö„É™„Ç¢„É´„Å™Á•û„Ç≤„Éº„ÇíÁ¥π‰ªãÔºÅÔºÅ„Äê4K60FPS„Äë„ÄêFH4„Äë,UCfIMLeV15jlAGmYWTuQlpCA,OKD Games -OKADA-,2020-11-10,61064,534,30,157,36113861,59500,1558,0,0,67,217.8197326660156,2020-11-09,216.6627655029297,2020-11-16
5fKLyetRNkI,Xbox Series X - Meg√©ri az √°r√°t?,UCeAB8_SpJPf-xLP4VqHk6TQ,Andras Horvath,2020-11-27,62931,2420,132,587,46644016,154000,530,47,16,126,213.8699951171875,2020-11-25,214.2400054931641,2020-12-03
0W36gBvn9JM,Please DON&#39;T Vape Into Your Xbox Series X!!!,UCSxLDHfK2yzL7jhCJWG7EPg,8-Bit Eric,2020-11-12,57603,1009,162,252,14448610,78400,3488,38,27,41,215.9845428466797,2020-11-11,211.0800018310547,2020-11-18
qO2tdxaI5Jg,Assassin&#39;s Creed Valhalla New Patch Comparison - Performance vs. Quality (Xbox Series X|S),UCrQBgWbUI4K4qjuQLmVmqKA,Resero,2020-11-26,60225,852,87,328,15165624,29400,938,58,29,32,213.8699951171875,2020-11-25,215.3699951171875,2020-12-02
YeCgdwUf5-w,"Xbox Series X - –ö—É–ø–∏–ª, —Ä–∞—Å–ø–∞–∫–æ–≤–∫–∞, –ø–µ—Ä–≤–æ–µ –≤–∫–ª—é—á–µ–Ω–∏–µ, —ç–º–æ—Ü–∏–∏",UCRoHpKIv_FJ0lsphJQFiuVQ,–ó–í–ï–†–¨–ï,2020-11-10,56597,3603,427,383,256378245,1100000,3133,8,1,246,217.8197326660156,2020-11-09,216.6627655029297,2020-11-16
45oaxGHqwRo,¬øEn cual CONSOLA se ve MEJOR el GTA Online? | PS5 vs Xbox Series X,UCyydhvZSWtSIVkpUcmxZuig,Weariest Barrel,2020-11-26,60564,3645,337,531,24663412,254000,604,18,9,205,213.8699951171875,2020-11-25,215.3699951171875,2020-12-02
PABKYAVRQ4E,"Recenze Xbox Series X, nejv√Ωkonnƒõj≈°√≠ konzole od Microsoftu",UCZklXaNxNLip9l9KfZ3NL1A,Indian - Po≈ôad o hr√°ch,2020-11-05,54149,3452,65,388,66141597,222000,2861,37,6,122,215.824951171875,2020-11-04,215.9845428466797,2020-11-11
VOF2mJI9LcU,Un usuario reporta que Xbox series X ECHA HUMO COMO UNA CHIMENEA y XBOX POLONIA LE HA CONTACTADO,UCxCg-nM4YEw-DMGGmDFlSHg,el profesor gamer,2020-11-11,53522,2426,1289,1401,32812547,128000,1400,59,115,499,210.45899963378903,2020-11-10,213.90000915527344,2020-11-17
gCzyB-8RetU,–≠–∫—Å–∫–ª—é–∑–∏–≤—ã Playstation –Ω–∞ Xbox One,UCeemTTAKVjHucKYFmc8V3Ug,–£—é—Ç–Ω—ã–π –ø–æ–¥–≤–∞–ª—å—á–∏–∫,2020-12-01,53529,4430,313,356,33498081,187000,353,15,1,251,214.07000732421875,2020-11-30,214.2899932861328,2020-12-07
fwwhKV7dqFw,"BUGSNAX,  A Desgra√ßa do PS5 üéÆ Irm√£os Piologo Games üéÆ Playstation 5 - XBox Series X",UCP0GI-IbEZV59oExPioxeHw,Irm√£os Piologo,2020-12-04,56812,7528,134,506,361542180,2540000,1476,19,13,279,214.2400054931641,2020-12-03,214.2899932861328,2020-12-07
VqvqdAoPkNQ,„ÄêÈñãÁÆ±Ë∂£„ÄëÁµÇÊñº‰∏âÊ©üÂà∂Èú∏!! XBOX Series XÈñãÁÆ±È´îÈ©ó„ÄàÁæÖÂç°Rocca„Äâ,UCkQMrI3g9wV2F5CsIi6odmQ,ÁæÖÂç°Rocca,2020-11-10,53049,870,48,275,51203119,214000,1365,1,5,167,217.8197326660156,2020-11-09,216.6627655029297,2020-11-16
G6QOEDZZz6Q,„Äê4KÊ¨°‰∏ñ‰ª£„Äë10ÂàÜÈêò‰∫ÜËß£ Xbox Series X: ÂæûÈñãÁÆ±Âà∞Ë©ïÊ∏¨ÔºåÂ¶≥ÈúÄË¶ÅÁü•ÈÅìÁöÑ‰ø°ÊÅØÈÉΩÂú®ÈÄôË£è‰∫ÜÔºÅ,UCvUJ6BwgUGWBHuUd0cv546g,Â∞èÂØßÂ≠ê,2020-11-23,63374,1867,41,375,5132595,69200,99,1,4,275,210.38999938964844,2020-11-20,215.22999572753903,2020-11-27
rdndexS8S9k,„ÄêÂ∞çÊØî„ÄëPS5 Âíå Xbox Series X ÊÄéÈ∫ºÈÅ∏ÔºüÊ¨°‰∏ñ‰ª£Â§ßÊØîÊãºÔΩúÂ∞èÂØßÂ≠ê,UCvUJ6BwgUGWBHuUd0cv546g,Â∞èÂØßÂ≠ê,2020-12-04,51226,1519,30,358,5132595,69200,99,1,1,292,214.2400054931641,2020-12-03,214.2899932861328,2020-12-07
U4-plZFX2pQ,PS5ÏôÄ Xbox Series Î¨ºÍ±¥ Íµ¨ÌïòÍ∏∞ ÌûòÎì† Ïù¥Ïú†,UCm0ZLfuXuylGPkSKkWz5Tlw,Ï∞®Ïπ¥Í∞ú,2020-11-22,54259,780,43,254,12876610,35100,360,0,0,166,210.38999938964844,2020-11-20,215.22999572753903,2020-11-27
_v1dfZJoXsE,Xbox Series X: de grote comeback van de Xbox?,UCDmYblK8ScOM4LEfXCQNzCw,Bright,2020-11-05,51717,1296,71,472,61769681,223000,2082,31,16,157,215.824951171875,2020-11-04,215.9845428466797,2020-11-11
XNQYhdCiZug,Les 10 PLUS BEAUX JEUX de la XBOX ONE!,UCnyXbcCPqBOf_qXjyNF7dlg,Conkerax,2020-11-11,52372,3373,72,436,43649042,264000,652,52,19,160,210.45899963378903,2020-11-10,213.90000915527344,2020-11-17
_PZsf__wr9U,[ÏµúÏ¥àÍ≥µÍ∞ú] Xbox ÏãúÎ¶¨Ï¶à XÎ•º Íµ≠ÎÇ¥ ÏµúÏ¥àÎ°ú ÎßåÏ†∏Î≥¥Í≥† Í≥µÍ∞úÌï©ÎãàÎã§! (1/3),UCpgfZSDjJLKuXVvobvpxx8g,ÎîîÏä§Ïù¥Ï¶àÍ≤åÏûÑ,2020-10-15,50636,819,61,141,12692690,41900,142,0,0,91,220.2832794189453,2020-10-14,214.23912048339844,2020-10-21
I6cuq-P1xeE,"¬°RECONOZCO QUE LA XBOX SERIES X NO TIENE JUEGOS, NO S√â A LO QUE JUGAR PORQUE NO HAY NADA! - Sasel",UCF3Ez6QwZwwr_E7RZGJMW0A,saselandia,2020-12-02,51742,4043,1353,1416,213236862,357000,3374,29,95,492,216.2100067138672,2020-12-01,214.2899932861328,2020-12-07
hC_vox-M_Zg,üéÆ Xbox Series X Unboxing: Nejv√Ωkonnƒõj≈°√≠ konzole na svƒõtƒõ?! | WRTECH [4K],UCn-b8vE_SmleAm7mOkywgOg,WhiteRabbit Channel #WRTECH,2020-11-11,50253,3487,96,950,23102626,139000,319,85,55,680,210.45899963378903,2020-11-10,213.90000915527344,2020-11-17
iFRYRow5GSg,Deplatform the Dissent - PS5 and Xbox Series X,UChI0q9a-ZcbZh7dAu_-J-hg,Upper Echelon Gamers,2020-12-01,55688,5986,112,984,91682119,424000,722,219,117,128,214.07000732421875,2020-11-30,214.2899932861328,2020-12-07
bEjqJHbw2ZI,–ú–û–ô XBOX SERIES X - –í–û–°–¢–û–†–ì –ò –†–ê–ó–û–ß–ê–†–û–í–ê–ù–ò–ï . –û–ë–ó–û–†,UCCAVuOGROARCC8X-EAbwPrw,SLAVA REVIEWS,2020-12-01,53740,2974,126,416,44707488,192000,156,7,2,213,214.07000732421875,2020-11-30,214.2899932861328,2020-12-07
